"","model","predicted_threshold","predicted_acc","predicted_sen","predicted_spec","actual_threshold","actual_acc","actual_sen","actual_spec","features","fL","usekernel","adjust","seed"
"1","up",0.53,0.76545440760505,0.697575757575758,0.778550555230859,0.61,0.873563218390805,0.785714285714286,0.89041095890411,"Department,Gender,JobInvolvement,JobLevel,OverTime,StockOptionLevel,WorkLifeBalance",5,TRUE,1.5,1234
"2","down",0.5,0.726014055346573,0.766212121212121,0.718281706604325,0.62,0.879310344827586,0.785714285714286,0.897260273972603,"Department,Gender,JobInvolvement,JobLevel,OverTime,StockOptionLevel,WorkLifeBalance",5,TRUE,3.5,1234
"3","rose",0.51,0.749514069926807,0.726212121212121,0.753781414377557,0.7,0.890804597701149,0.678571428571429,0.931506849315068,"Department,Gender,JobInvolvement,JobLevel,OverTime,StockOptionLevel,WorkLifeBalance",1.5,TRUE,3.5,1234
"4","up",0.49,0.73827078412504,0.739545454545454,0.73801870251315,0.64,0.885057471264368,0.75,0.910958904109589,"Department,JobInvolvement,JobLevel,OverTime,StockOptionLevel,WorkLifeBalance",4.5,TRUE,4.5,1234
"5","down",0.48,0.709506254920829,0.764545454545454,0.698696668614845,0.56,0.833333333333333,0.75,0.849315068493151,"Department,JobInvolvement,JobLevel,OverTime,StockOptionLevel,WorkLifeBalance",5,TRUE,2,1234
"6","rose",0.52,0.749126002391158,0.718181818181818,0.755078901227352,0.51,0.827586206896552,0.821428571428571,0.828767123287671,"Department,JobInvolvement,JobLevel,OverTime,StockOptionLevel,WorkLifeBalance",4,FALSE,5,1234
"7","up",0.53,0.76321820779751,0.693333333333333,0.776727060198715,0.64,0.908045977011494,0.785714285714286,0.931506849315068,"Department,Gender,JobInvolvement,JobLevel,JobSatisfaction,OverTime,StockOptionLevel,WorkLifeBalance",5,TRUE,4.5,1234
"8","down",0.53,0.755144781733881,0.705454545454545,0.764710695499708,0.58,0.885057471264368,0.821428571428571,0.897260273972603,"Department,Gender,JobInvolvement,JobLevel,JobSatisfaction,OverTime,StockOptionLevel,WorkLifeBalance",3,FALSE,4.5,1234
"9","rose",0.52,0.758144752573411,0.696666666666667,0.769964932787843,0.63,0.896551724137931,0.892857142857143,0.897260273972603,"Department,Gender,JobInvolvement,JobLevel,JobSatisfaction,OverTime,StockOptionLevel,WorkLifeBalance",4.5,FALSE,3,1234
"10","up",0.44,0.684667833085469,0.795,0.663658679135009,0.65,0.896551724137931,0.714285714285714,0.931506849315068,"Gender,JobInvolvement,JobRole,JobSatisfaction,OverTime,StockOptionLevel,WorkLifeBalance",3.5,TRUE,5,1234
"11","down",0.52,0.737380223369201,0.727878787878788,0.739117475160725,0.59,0.827586206896552,0.785714285714286,0.835616438356164,"Gender,JobInvolvement,JobRole,JobSatisfaction,OverTime,StockOptionLevel,WorkLifeBalance",2,TRUE,4.5,1234
"12","rose",0.46,0.692025719534599,0.796818181818182,0.672033898305085,0.62,0.867816091954023,0.714285714285714,0.897260273972603,"Gender,JobInvolvement,JobRole,JobSatisfaction,OverTime,StockOptionLevel,WorkLifeBalance",3,FALSE,4.5,1234
"13","up",0.49,0.733665879333975,0.775757575757576,0.725412039742841,0.61,0.873563218390805,0.821428571428571,0.883561643835616,"JobInvolvement,JobLevel,JobRole,JobSatisfaction,OverTime,StockOptionLevel,WorkLifeBalance",5,TRUE,2,1234
"14","down",0.44,0.690497069372758,0.832878787878788,0.662933956750438,0.59,0.82183908045977,0.785714285714286,0.828767123287671,"JobInvolvement,JobLevel,JobRole,JobSatisfaction,OverTime,StockOptionLevel,WorkLifeBalance",1.5,TRUE,2,1234
"15","rose",0.42,0.69069448575511,0.821818181818181,0.665675043834015,0.73,0.896551724137931,0.642857142857143,0.945205479452055,"JobInvolvement,JobLevel,JobRole,JobSatisfaction,OverTime,StockOptionLevel,WorkLifeBalance",2.5,FALSE,4,1234
"16","up",0.47,0.709164027644126,0.788636363636363,0.69385739333723,0.66,0.890804597701149,0.75,0.917808219178082,"Department,JobInvolvement,JobLevel,JobRole,JobSatisfaction,OverTime,StockOptionLevel,WorkLifeBalance",4.5,FALSE,3.5,1234
"17","down",0.53,0.736267868078034,0.743181818181818,0.734950321449445,0.65,0.908045977011494,0.785714285714286,0.931506849315068,"Department,JobInvolvement,JobLevel,JobRole,JobSatisfaction,OverTime,StockOptionLevel,WorkLifeBalance",2,TRUE,2,1234
"18","rose",0.48,0.698767211967457,0.785151515151515,0.682162478082992,0.63,0.873563218390805,0.821428571428571,0.883561643835616,"Department,JobInvolvement,JobLevel,JobRole,JobSatisfaction,OverTime,StockOptionLevel,WorkLifeBalance",4,TRUE,5,1234
"19","up",0.52,0.732365672294638,0.72,0.734868497954413,0.72,0.908045977011494,0.678571428571429,0.952054794520548,"Gender,JobInvolvement,JobLevel,JobRole,JobSatisfaction,MaritalStatus,OverTime,WorkLifeBalance",1,TRUE,4.5,1234
"20","down",0.52,0.718673431895722,0.753030303030303,0.711992986557569,0.48,0.729885057471264,0.892857142857143,0.698630136986301,"Gender,JobInvolvement,JobLevel,JobRole,JobSatisfaction,MaritalStatus,OverTime,WorkLifeBalance",1,TRUE,4.5,1234
"21","rose",0.52,0.723996092497011,0.710757575757576,0.726651081239041,0.62,0.885057471264368,0.714285714285714,0.917808219178082,"Gender,JobInvolvement,JobLevel,JobRole,JobSatisfaction,MaritalStatus,OverTime,WorkLifeBalance",5,FALSE,4.5,1234
"22","up",0.49,0.72871169043245,0.777272727272727,0.719497369959088,0.62,0.844827586206897,0.75,0.863013698630137,"Gender,JobInvolvement,JobLevel,JobRole,JobSatisfaction,OverTime,StockOptionLevel",5,FALSE,2,1234
"23","down",0.55,0.747758259703146,0.744848484848485,0.748305084745763,0.62,0.85632183908046,0.75,0.876712328767123,"Gender,JobInvolvement,JobLevel,JobRole,JobSatisfaction,OverTime,StockOptionLevel",1.5,FALSE,3,1234
"24","rose",0.46,0.704627008427376,0.808636363636363,0.684535359438925,0.53,0.82183908045977,0.857142857142857,0.815068493150685,"Gender,JobInvolvement,JobLevel,JobRole,JobSatisfaction,OverTime,StockOptionLevel",4.5,TRUE,3.5,1234
"25","up",0.48,0.716436240632199,0.73060606060606,0.713454120397429,0.56,0.827586206896552,0.857142857142857,0.821917808219178,"Gender,JobInvolvement,JobLevel,JobSatisfaction,OverTime,StockOptionLevel,WorkLifeBalance",4.5,FALSE,1,1234
"26","down",0.48,0.707533782404572,0.763484848484848,0.696680303915839,0.5,0.764367816091954,0.892857142857143,0.73972602739726,"Gender,JobInvolvement,JobLevel,JobSatisfaction,OverTime,StockOptionLevel,WorkLifeBalance",2.5,FALSE,1.5,1234
"27","rose",0.53,0.740178112151168,0.703939393939394,0.747282291057861,0.6,0.839080459770115,0.892857142857143,0.828767123287671,"Gender,JobInvolvement,JobLevel,JobSatisfaction,OverTime,StockOptionLevel,WorkLifeBalance",2,FALSE,1,1234
"28","up",0.48,0.714374128830957,0.776363636363636,0.702700175336061,0.6,0.850574712643678,0.785714285714286,0.863013698630137,"Department,Gender,JobInvolvement,JobLevel,JobRole,JobSatisfaction,OverTime,StockOptionLevel",4.5,FALSE,3,1234
"29","down",0.52,0.727132942583035,0.764545454545454,0.720011689070719,0.56,0.816091954022989,0.75,0.828767123287671,"Department,Gender,JobInvolvement,JobLevel,JobRole,JobSatisfaction,OverTime,StockOptionLevel",4,FALSE,1,1234
"30","rose",0.47,0.703526375645175,0.783787878787878,0.688007013442431,0.52,0.833333333333333,0.821428571428571,0.835616438356164,"Department,Gender,JobInvolvement,JobLevel,JobRole,JobSatisfaction,OverTime,StockOptionLevel",3.5,TRUE,4.5,1234
"31","up",0.58,0.768608112442773,0.661212121212121,0.789006428988896,0.48,0.810344827586207,0.785714285714286,0.815068493150685,"Department,Gender,JobInvolvement,JobLevel,JobRole,MaritalStatus,OverTime,WorkLifeBalance",0.5,FALSE,1.5,1234
"32","down",0.55,0.737854489254367,0.697272727272727,0.745879602571596,0.77,0.890804597701149,0.678571428571429,0.931506849315068,"Department,Gender,JobInvolvement,JobLevel,JobRole,MaritalStatus,OverTime,WorkLifeBalance",2.5,FALSE,4,1234
"33","rose",0.55,0.745125185897997,0.676363636363636,0.758626534190532,0.56,0.781609195402299,0.857142857142857,0.767123287671233,"Department,Gender,JobInvolvement,JobLevel,JobRole,MaritalStatus,OverTime,WorkLifeBalance",2,TRUE,1,1234
"34","up",0.48,0.726983116087831,0.733181818181818,0.725692577440094,0.59,0.862068965517241,0.857142857142857,0.863013698630137,"JobInvolvement,JobLevel,JobSatisfaction,OverTime,StockOptionLevel,WorkLifeBalance",4,FALSE,1.5,1234
"35","down",0.48,0.710876797013968,0.749545454545454,0.703506721215663,0.62,0.816091954022989,0.785714285714286,0.821917808219178,"JobInvolvement,JobLevel,JobSatisfaction,OverTime,StockOptionLevel,WorkLifeBalance",2,FALSE,4,1234
"36","rose",0.51,0.735520193625521,0.710909090909091,0.739982466393922,0.48,0.775862068965517,0.857142857142857,0.76027397260274,"JobInvolvement,JobLevel,JobSatisfaction,OverTime,StockOptionLevel,WorkLifeBalance",1.5,FALSE,2,1234
"37","up",0.45,0.703928906773977,0.770454545454545,0.691069549970777,0.6,0.850574712643678,0.785714285714286,0.863013698630137,"Gender,JobInvolvement,JobLevel,JobSatisfaction,OverTime,StockOptionLevel",4,TRUE,3,1234
"38","down",0.45,0.687418306943108,0.805454545454545,0.664827586206897,0.67,0.844827586206897,0.821428571428571,0.849315068493151,"Gender,JobInvolvement,JobLevel,JobSatisfaction,OverTime,StockOptionLevel",2.5,FALSE,4,1234
"39","rose",0.45,0.69863301548421,0.786060606060606,0.68187025131502,0.5,0.770114942528736,0.857142857142857,0.753424657534247,"Gender,JobInvolvement,JobLevel,JobSatisfaction,OverTime,StockOptionLevel",3,TRUE,4,1234
"40","up",0.47,0.701132592657394,0.754848484848484,0.690718877849211,0.71,0.913793103448276,0.714285714285714,0.952054794520548,"Department,Gender,JobInvolvement,JobRole,JobSatisfaction,OverTime,StockOptionLevel,WorkLifeBalance",3.5,FALSE,4.5,1234
"41","down",0.53,0.743414399440119,0.701212121212121,0.751841028638223,0.62,0.85632183908046,0.714285714285714,0.883561643835616,"Department,Gender,JobInvolvement,JobRole,JobSatisfaction,OverTime,StockOptionLevel,WorkLifeBalance",1,FALSE,2.5,1234
"42","rose",0.48,0.710909223456682,0.743484848484848,0.704453535943892,0.64,0.867816091954023,0.714285714285714,0.897260273972603,"Department,Gender,JobInvolvement,JobRole,JobSatisfaction,OverTime,StockOptionLevel,WorkLifeBalance",3.5,FALSE,4.5,1234
"43","up",0.55,0.770913130959671,0.699393939393939,0.784517825832846,0.68,0.902298850574713,0.75,0.931506849315068,"Department,JobInvolvement,JobRole,JobSatisfaction,MonthlyIncome_L,OverTime,StockOptionLevel,WorkLifeBalance",4,TRUE,1.5,1234
"44","down",0.52,0.72988627416674,0.756515151515151,0.724646405610754,0.73,0.890804597701149,0.714285714285714,0.924657534246575,"Department,JobInvolvement,JobRole,JobSatisfaction,MonthlyIncome_L,OverTime,StockOptionLevel,WorkLifeBalance",2.5,TRUE,1.5,1234
"45","rose",0.56,0.773079170676231,0.684242424242424,0.790157802454705,0.55,0.827586206896552,0.785714285714286,0.835616438356164,"Department,JobInvolvement,JobRole,JobSatisfaction,MonthlyIncome_L,OverTime,StockOptionLevel,WorkLifeBalance",5,TRUE,1.5,1234
"46","up",0.41,0.662308692736127,0.799090909090909,0.636306253652834,0.64,0.862068965517241,0.714285714285714,0.89041095890411,"Department,JobInvolvement,JobRole,JobSatisfaction,OverTime,StockOptionLevel,WorkLifeBalance",2.5,TRUE,1.5,1234
"47","down",0.52,0.720782841979413,0.716666666666666,0.721654003506721,0.72,0.908045977011494,0.714285714285714,0.945205479452055,"Department,JobInvolvement,JobRole,JobSatisfaction,OverTime,StockOptionLevel,WorkLifeBalance",0.5,FALSE,1,1234
"48","rose",0.51,0.738376053421981,0.703030303030303,0.745300993571011,0.55,0.816091954022989,0.75,0.828767123287671,"Department,JobInvolvement,JobRole,JobSatisfaction,OverTime,StockOptionLevel,WorkLifeBalance",5,FALSE,3.5,1234
"49","up",0.44,0.705785145656548,0.813333333333333,0.685230859146698,0.62,0.867816091954023,0.821428571428571,0.876712328767123,"JobInvolvement,JobLevel,JobRole,JobSatisfaction,MonthlyIncome_L,OverTime,StockOptionLevel,WorkLifeBalance",3,TRUE,5,1234
"50","down",0.51,0.718645962732919,0.768484848484848,0.70886031560491,0.63,0.873563218390805,0.821428571428571,0.883561643835616,"JobInvolvement,JobLevel,JobRole,JobSatisfaction,MonthlyIncome_L,OverTime,StockOptionLevel,WorkLifeBalance",2,TRUE,5,1234
"51","rose",0.49,0.733244977109031,0.762727272727273,0.727796610169492,0.67,0.833333333333333,0.75,0.849315068493151,"JobInvolvement,JobLevel,JobRole,JobSatisfaction,MonthlyIncome_L,OverTime,StockOptionLevel,WorkLifeBalance",5,TRUE,3.5,1234
"52","up",0.57,0.796097745895664,0.628333333333333,0.828176504967855,0.49,0.781609195402299,0.785714285714286,0.780821917808219,"JobInvolvement,JobRole,OverTime,StockOptionLevel",4,TRUE,2,1234
"53","down",0.55,0.757716326947191,0.692575757575757,0.770298071303332,0.5,0.775862068965517,0.821428571428571,0.767123287671233,"JobInvolvement,JobRole,OverTime,StockOptionLevel",0.5,TRUE,1.5,1234
"54","rose",0.54,0.770617560435074,0.68469696969697,0.787165400350672,0.48,0.781609195402299,0.75,0.787671232876712,"JobInvolvement,JobRole,OverTime,StockOptionLevel",3,FALSE,1,1234
"55","up",0.49,0.724944157699822,0.73469696969697,0.723009935710111,0.54,0.839080459770115,0.857142857142857,0.835616438356164,"JobInvolvement,JobRole,JobSatisfaction,OverTime,StockOptionLevel,WorkLifeBalance",5,FALSE,1.5,1234
"56","down",0.51,0.72669431079229,0.761363636363636,0.720274693161894,0.54,0.775862068965517,0.892857142857143,0.753424657534247,"JobInvolvement,JobRole,JobSatisfaction,OverTime,StockOptionLevel,WorkLifeBalance",3,FALSE,4.5,1234
"57","rose",0.55,0.770202781908844,0.673484848484848,0.78875511396844,0.66,0.867816091954023,0.75,0.89041095890411,"JobInvolvement,JobRole,JobSatisfaction,OverTime,StockOptionLevel,WorkLifeBalance",3,FALSE,1,1234
"58","up",0.55,0.776423818271951,0.725909090909091,0.786300409117475,0.59,0.844827586206897,0.821428571428571,0.849315068493151,"Department,Gender,JobInvolvement,JobLevel,MonthlyIncome_L,OverTime,StockOptionLevel,WorkLifeBalance",5,TRUE,5,1234
"59","down",0.55,0.773271746420552,0.733939393939394,0.780759789596727,0.61,0.839080459770115,0.75,0.856164383561644,"Department,Gender,JobInvolvement,JobLevel,MonthlyIncome_L,OverTime,StockOptionLevel,WorkLifeBalance",3.5,TRUE,4.5,1234
"60","rose",0.52,0.758895751319511,0.734545454545454,0.763389830508475,0.61,0.885057471264368,0.821428571428571,0.897260273972603,"Department,Gender,JobInvolvement,JobLevel,MonthlyIncome_L,OverTime,StockOptionLevel,WorkLifeBalance",1,TRUE,5,1234
"61","up",0.46,0.708835214183653,0.796515151515151,0.69208649912332,0.67,0.890804597701149,0.75,0.917808219178082,"JobInvolvement,JobLevel,JobRole,JobSatisfaction,OverTime,StockOptionLevel",3.5,FALSE,4,1234
"62","down",0.46,0.689229871985537,0.812121212121212,0.665862068965517,0.59,0.816091954022989,0.821428571428571,0.815068493150685,"JobInvolvement,JobLevel,JobRole,JobSatisfaction,OverTime,StockOptionLevel",4.5,TRUE,3,1234
"63","rose",0.44,0.69984253346164,0.806212121212121,0.679304500292227,0.68,0.862068965517241,0.75,0.883561643835616,"JobInvolvement,JobLevel,JobRole,JobSatisfaction,OverTime,StockOptionLevel",2,FALSE,3,1234
"64","up",0.41,0.667997667162395,0.83,0.637299824663939,0.66,0.896551724137931,0.75,0.924657534246575,"Department,JobInvolvement,JobLevel,JobRole,JobSatisfaction,MonthlyIncome_L,OverTime,StockOptionLevel",5,TRUE,4.5,1234
"65","down",0.46,0.698137404134955,0.798787878787879,0.678550555230859,0.59,0.85632183908046,0.821428571428571,0.863013698630137,"Department,JobInvolvement,JobLevel,JobRole,JobSatisfaction,MonthlyIncome_L,OverTime,StockOptionLevel",3,TRUE,4,1234
"66","rose",0.46,0.695151488641997,0.774545454545454,0.679853886616014,0.54,0.82183908045977,0.785714285714286,0.828767123287671,"Department,JobInvolvement,JobLevel,JobRole,JobSatisfaction,MonthlyIncome_L,OverTime,StockOptionLevel",5,TRUE,5,1234
"67","up",0.43,0.698982824483131,0.797272727272727,0.67990064289889,0.62,0.844827586206897,0.821428571428571,0.849315068493151,"JobInvolvement,JobLevel,JobSatisfaction,MonthlyIncome_L,OverTime,StockOptionLevel,WorkLifeBalance",5,TRUE,5,1234
"68","down",0.45,0.702569562301344,0.799545454545454,0.683822326125073,0.64,0.833333333333333,0.821428571428571,0.835616438356164,"JobInvolvement,JobLevel,JobSatisfaction,MonthlyIncome_L,OverTime,StockOptionLevel,WorkLifeBalance",4.5,TRUE,4.5,1234
"69","rose",0.43,0.702613303006444,0.797121212121212,0.684623027469316,0.57,0.827586206896552,0.821428571428571,0.828767123287671,"JobInvolvement,JobLevel,JobSatisfaction,MonthlyIncome_L,OverTime,StockOptionLevel,WorkLifeBalance",4.5,TRUE,3.5,1234
"70","up",0.54,0.761895605517161,0.710909090909091,0.771583869082408,0.62,0.873563218390805,0.75,0.897260273972603,"Gender,JobInvolvement,JobRole,MonthlyIncome_L,OverTime,StockOptionLevel,WorkLifeBalance",2,TRUE,4.5,1234
"71","down",0.52,0.748154317207594,0.750757575757575,0.747790765634132,0.54,0.833333333333333,0.785714285714286,0.842465753424658,"Gender,JobInvolvement,JobRole,MonthlyIncome_L,OverTime,StockOptionLevel,WorkLifeBalance",3,TRUE,2,1234
"72","rose",0.5,0.737355145364943,0.732424242424242,0.738375219170076,0.67,0.873563218390805,0.714285714285714,0.904109589041096,"Gender,JobInvolvement,JobRole,MonthlyIncome_L,OverTime,StockOptionLevel,WorkLifeBalance",3,TRUE,5,1234
"73","up",0.52,0.762455194937742,0.706060606060606,0.773389830508475,0.67,0.890804597701149,0.714285714285714,0.924657534246575,"Gender,JobInvolvement,JobRole,OverTime,StockOptionLevel,WorkLifeBalance",5,TRUE,5,1234
"74","down",0.57,0.785643600734844,0.666212121212121,0.808609000584454,0.71,0.873563218390805,0.678571428571429,0.910958904109589,"Gender,JobInvolvement,JobRole,OverTime,StockOptionLevel,WorkLifeBalance",1,FALSE,1,1234
"75","rose",0.56,0.773050185168985,0.652424242424242,0.796271186440678,0.59,0.867816091954023,0.785714285714286,0.883561643835616,"Gender,JobInvolvement,JobRole,OverTime,StockOptionLevel,WorkLifeBalance",5,TRUE,4.5,1234
"76","up",0.44,0.68392546583851,0.796515151515151,0.662267679719462,0.58,0.82183908045977,0.785714285714286,0.828767123287671,"JobInvolvement,JobRole,JobSatisfaction,MonthlyIncome_L,OverTime,StockOptionLevel",2,TRUE,3,1234
"77","down",0.5,0.710546758813752,0.76969696969697,0.699310344827586,0.6,0.85632183908046,0.785714285714286,0.86986301369863,"JobInvolvement,JobRole,JobSatisfaction,MonthlyIncome_L,OverTime,StockOptionLevel",3,TRUE,5,1234
"78","rose",0.58,0.776992855684834,0.666363636363636,0.798234950321449,0.67,0.873563218390805,0.75,0.897260273972603,"JobInvolvement,JobRole,JobSatisfaction,MonthlyIncome_L,OverTime,StockOptionLevel",2.5,TRUE,1,1234
"79","up",0.45,0.699166593765491,0.768181818181818,0.68594389246055,0.56,0.839080459770115,0.857142857142857,0.835616438356164,"Department,JobInvolvement,JobLevel,JobSatisfaction,OverTime,StockOptionLevel,WorkLifeBalance",3,FALSE,2,1234
"80","down",0.53,0.742341702388243,0.704848484848485,0.749380479251899,0.53,0.804597701149425,0.821428571428571,0.801369863013699,"Department,JobInvolvement,JobLevel,JobSatisfaction,OverTime,StockOptionLevel,WorkLifeBalance",2.5,TRUE,1,1234
"81","rose",0.43,0.684408188259995,0.795454545454545,0.663167738164816,0.6,0.879310344827586,0.785714285714286,0.897260273972603,"Department,JobInvolvement,JobLevel,JobSatisfaction,OverTime,StockOptionLevel,WorkLifeBalance",4,TRUE,1.5,1234
"82","up",0.48,0.724245472837022,0.777575757575757,0.713740502630041,0.65,0.873563218390805,0.785714285714286,0.89041095890411,"JobInvolvement,JobLevel,JobRole,JobSatisfaction,OverTime,StockOptionLevel,WorkLifeBalance,YearsWithCurrManager",4,TRUE,1,1234
"83","down",0.57,0.76472487096492,0.731515151515151,0.770981881940386,0.62,0.885057471264368,0.785714285714286,0.904109589041096,"JobInvolvement,JobLevel,JobRole,JobSatisfaction,OverTime,StockOptionLevel,WorkLifeBalance,YearsWithCurrManager",4,TRUE,1,1234
"84","rose",0.48,0.728713556702534,0.772272727272727,0.720403272939801,0.6,0.879310344827586,0.75,0.904109589041096,"JobInvolvement,JobLevel,JobRole,JobSatisfaction,OverTime,StockOptionLevel,WorkLifeBalance,YearsWithCurrManager",3.5,TRUE,1,1234
"85","up",0.53,0.737696031260024,0.672272727272727,0.750087668030392,0.72,0.890804597701149,0.678571428571429,0.931506849315068,"Department,Gender,JobInvolvement,JobLevel,JobRole,OverTime,WorkLifeBalance",3,FALSE,2.5,1234
"86","down",0.52,0.71779027789928,0.700909090909091,0.720748100526008,0.57,0.816091954022989,0.785714285714286,0.821917808219178,"Department,Gender,JobInvolvement,JobLevel,JobRole,OverTime,WorkLifeBalance",4,FALSE,2.5,1234
"87","rose",0.54,0.744753039979005,0.655909090909091,0.761618936294565,0.62,0.879310344827586,0.642857142857143,0.924657534246575,"Department,Gender,JobInvolvement,JobLevel,JobRole,OverTime,WorkLifeBalance",3,FALSE,2.5,1234
"88","up",0.55,0.762325430845945,0.65030303030303,0.783898305084746,0.51,0.804597701149425,0.821428571428571,0.801369863013699,"JobInvolvement,JobRole,JobSatisfaction,MaritalStatus,MonthlyIncome_L,OverTime,WorkLifeBalance",1,TRUE,4,1234
"89","down",0.54,0.743047619047619,0.696515151515151,0.751683226183518,0.57,0.793103448275862,0.857142857142857,0.780821917808219,"JobInvolvement,JobRole,JobSatisfaction,MaritalStatus,MonthlyIncome_L,OverTime,WorkLifeBalance",0,TRUE,3,1234
"90","rose",0.61,0.794817892864433,0.610757575757576,0.830151957919346,0.57,0.827586206896552,0.821428571428571,0.828767123287671,"JobInvolvement,JobRole,JobSatisfaction,MaritalStatus,MonthlyIncome_L,OverTime,WorkLifeBalance",0.5,TRUE,2.5,1234
"91","up",0.51,0.736538710524013,0.681060606060606,0.747247223845705,0.59,0.833333333333333,0.785714285714286,0.842465753424658,"JobInvolvement,JobRole,JobSatisfaction,MaritalStatus,OverTime,WorkLifeBalance",2,TRUE,1.5,1234
"92","down",0.47,0.691077887615548,0.762121212121212,0.677329047340737,0.55,0.839080459770115,0.785714285714286,0.849315068493151,"JobInvolvement,JobRole,JobSatisfaction,MaritalStatus,OverTime,WorkLifeBalance",0.5,FALSE,3,1234
"93","rose",0.53,0.755789169801417,0.65030303030303,0.77572764465225,0.56,0.781609195402299,0.785714285714286,0.780821917808219,"JobInvolvement,JobRole,JobSatisfaction,MaritalStatus,OverTime,WorkLifeBalance",4.5,FALSE,3,1234
"94","up",0.5,0.746006648587175,0.741818181818182,0.74697837521917,0.6,0.867816091954023,0.821428571428571,0.876712328767123,"Department,JobInvolvement,JobLevel,JobSatisfaction,MonthlyIncome_L,OverTime,StockOptionLevel,WorkLifeBalance",5,TRUE,5,1234
"95","down",0.49,0.732760738343102,0.768939393939394,0.725675043834015,0.57,0.82183908045977,0.821428571428571,0.821917808219178,"Department,JobInvolvement,JobLevel,JobSatisfaction,MonthlyIncome_L,OverTime,StockOptionLevel,WorkLifeBalance",5,TRUE,2.5,1234
"96","rose",0.5,0.745771440235617,0.748333333333333,0.74521332554062,0.68,0.85632183908046,0.821428571428571,0.863013698630137,"Department,JobInvolvement,JobLevel,JobSatisfaction,MonthlyIncome_L,OverTime,StockOptionLevel,WorkLifeBalance",0.5,TRUE,1,1234
"97","up",0.55,0.761717376724113,0.705151515151515,0.772852133255406,0.54,0.810344827586207,0.857142857142857,0.801369863013699,"Gender,JobInvolvement,JobRole,JobSatisfaction,MonthlyIncome_L,OverTime,StockOptionLevel",4.5,TRUE,4.5,1234
"98","down",0.45,0.685976613303006,0.814090909090909,0.661332554061952,0.52,0.78735632183908,0.857142857142857,0.773972602739726,"Gender,JobInvolvement,JobRole,JobSatisfaction,MonthlyIncome_L,OverTime,StockOptionLevel",2,TRUE,1.5,1234
"99","rose",0.52,0.738492403697548,0.722121212121212,0.741437755698422,0.49,0.781609195402299,0.857142857142857,0.767123287671233,"Gender,JobInvolvement,JobRole,JobSatisfaction,MonthlyIncome_L,OverTime,StockOptionLevel",4.5,TRUE,1.5,1234
"100","up",0.62,0.817168343393695,0.589242424242424,0.860911747516073,0.54,0.816091954022989,0.821428571428571,0.815068493150685,"Gender,JobInvolvement,JobRole,JobSatisfaction,OverTime,StockOptionLevel",4.5,TRUE,3.5,1234
"101","down",0.49,0.715163502755665,0.76469696969697,0.705458796025716,0.55,0.833333333333333,0.785714285714286,0.842465753424658,"Gender,JobInvolvement,JobRole,JobSatisfaction,OverTime,StockOptionLevel",0.5,FALSE,1.5,1234
"102","rose",0.6,0.800557081620155,0.615606060606061,0.835967270601987,0.52,0.804597701149425,0.857142857142857,0.794520547945205,"Gender,JobInvolvement,JobRole,JobSatisfaction,OverTime,StockOptionLevel",2.5,FALSE,2.5,1234
"103","up",0.55,0.780473915959525,0.731060606060606,0.789754529514903,0.57,0.850574712643678,0.857142857142857,0.849315068493151,"Department,JobInvolvement,JobLevel,MonthlyIncome_L,OverTime,StockOptionLevel,WorkLifeBalance",5,TRUE,4,1234
"104","down",0.53,0.755593328084449,0.743333333333333,0.758036236119228,0.52,0.78735632183908,0.892857142857143,0.767123287671233,"Department,JobInvolvement,JobLevel,MonthlyIncome_L,OverTime,StockOptionLevel,WorkLifeBalance",3,TRUE,1.5,1234
"105","rose",0.54,0.773682442480973,0.717575757575758,0.784360023378141,0.67,0.908045977011494,0.785714285714286,0.931506849315068,"Department,JobInvolvement,JobLevel,MonthlyIncome_L,OverTime,StockOptionLevel,WorkLifeBalance",3.5,TRUE,3.5,1234
"106","up",0.48,0.7148733560785,0.716363636363636,0.714728229105786,0.59,0.844827586206897,0.714285714285714,0.86986301369863,"Gender,JobInvolvement,JobRole,JobSatisfaction,MaritalStatus,OverTime,WorkLifeBalance",3.5,TRUE,3,1234
"107","down",0.55,0.742352433441227,0.677575757575757,0.754722384570426,0.65,0.839080459770115,0.785714285714286,0.849315068493151,"Gender,JobInvolvement,JobRole,JobSatisfaction,MaritalStatus,OverTime,WorkLifeBalance",0,TRUE,3.5,1234
"108","rose",0.49,0.727889831744088,0.716818181818182,0.730122735242549,0.44,0.718390804597701,0.892857142857143,0.684931506849315,"Gender,JobInvolvement,JobRole,JobSatisfaction,MaritalStatus,OverTime,WorkLifeBalance",3.5,TRUE,2.5,1234
"109","up",0.49,0.722373953868136,0.758636363636364,0.715382817066043,0.71,0.931034482758621,0.75,0.965753424657534,"Gender,JobInvolvement,JobRole,JobSatisfaction,MonthlyIncome_L,OverTime,StockOptionLevel,WorkLifeBalance",5,TRUE,5,1234
"110","down",0.49,0.715271571457732,0.77060606060606,0.704424313267095,0.56,0.862068965517241,0.821428571428571,0.86986301369863,"Gender,JobInvolvement,JobRole,JobSatisfaction,MonthlyIncome_L,OverTime,StockOptionLevel,WorkLifeBalance",1.5,TRUE,2.5,1234
"111","rose",0.46,0.712058320940133,0.788939393939394,0.697241379310345,0.52,0.827586206896552,0.821428571428571,0.828767123287671,"Gender,JobInvolvement,JobRole,JobSatisfaction,MonthlyIncome_L,OverTime,StockOptionLevel,WorkLifeBalance",4.5,TRUE,1.5,1234
"112","up",0.5,0.72334068177179,0.753787878787878,0.717481005260082,0.65,0.850574712643678,0.75,0.86986301369863,"Department,JobInvolvement,JobLevel,JobSatisfaction,MaritalStatus,OverTime,StockOptionLevel,WorkLifeBalance",5,FALSE,3,1234
"113","down",0.48,0.698312833522876,0.768939393939394,0.684652250146113,0.59,0.82183908045977,0.75,0.835616438356164,"Department,JobInvolvement,JobLevel,JobSatisfaction,MaritalStatus,OverTime,StockOptionLevel,WorkLifeBalance",5,FALSE,5,1234
"114","rose",0.46,0.705259265739364,0.761363636363636,0.694529514903565,0.57,0.82183908045977,0.821428571428571,0.821917808219178,"Department,JobInvolvement,JobLevel,JobSatisfaction,MaritalStatus,OverTime,StockOptionLevel,WorkLifeBalance",3.5,TRUE,1.5,1234
"115","up",0.4,0.683692648645496,0.838181818181818,0.65416130917592,0.6,0.85632183908046,0.785714285714286,0.86986301369863,"Age,JobInvolvement,JobRole,JobSatisfaction,MonthlyIncome_L,OverTime,StockOptionLevel,WorkLifeBalance",3,TRUE,3,1234
"116","down",0.46,0.705547021257983,0.792272727272727,0.688825248392753,0.54,0.78735632183908,0.857142857142857,0.773972602739726,"Age,JobInvolvement,JobRole,JobSatisfaction,MonthlyIncome_L,OverTime,StockOptionLevel,WorkLifeBalance",0.5,TRUE,3,1234
"117","rose",0.48,0.737893914209897,0.761969696969697,0.73322618351841,0.56,0.839080459770115,0.821428571428571,0.842465753424658,"Age,JobInvolvement,JobRole,JobSatisfaction,MonthlyIncome_L,OverTime,StockOptionLevel,WorkLifeBalance",4,TRUE,1.5,1234
"118","up",0.57,0.778570028868865,0.673181818181818,0.798714202220923,0.58,0.850574712643678,0.785714285714286,0.863013698630137,"Age,JobInvolvement,JobRole,MonthlyIncome_L,OverTime,StockOptionLevel",5,TRUE,4.5,1234
"119","down",0.55,0.751457790219578,0.704242424242424,0.760432495616599,0.54,0.82183908045977,0.785714285714286,0.828767123287671,"Age,JobInvolvement,JobRole,MonthlyIncome_L,OverTime,StockOptionLevel",1.5,TRUE,4,1234
"120","rose",0.54,0.781026448546351,0.684242424242424,0.799707773232028,0.54,0.82183908045977,0.785714285714286,0.828767123287671,"Age,JobInvolvement,JobRole,MonthlyIncome_L,OverTime,StockOptionLevel",1,TRUE,5,1234
"121","up",0.52,0.740721371708512,0.726969696969697,0.7431268264173,0.63,0.873563218390805,0.714285714285714,0.904109589041096,"Department,JobInvolvement,JobRole,JobSatisfaction,MonthlyIncome_L,OverTime,StockOptionLevel",4.5,TRUE,1.5,1234
"122","down",0.52,0.727583763450267,0.752424242424242,0.722898889538282,0.59,0.833333333333333,0.75,0.849315068493151,"Department,JobInvolvement,JobRole,JobSatisfaction,MonthlyIncome_L,OverTime,StockOptionLevel",3.5,TRUE,3.5,1234
"123","rose",0.58,0.767597060624617,0.676515151515151,0.784956165984804,0.61,0.850574712643678,0.785714285714286,0.863013698630137,"Department,JobInvolvement,JobRole,JobSatisfaction,MonthlyIncome_L,OverTime,StockOptionLevel",3.5,FALSE,4,1234
"124","up",0.51,0.732424809727933,0.766212121212121,0.726031560490941,0.77,0.925287356321839,0.678571428571429,0.972602739726027,"JobInvolvement,JobRole,JobSatisfaction,MonthlyIncome_L,OverTime,StockOptionLevel,WorkLifeBalance,YearsWithCurrManager",4.5,TRUE,4,1234
"125","down",0.53,0.73762033067973,0.748333333333333,0.735634132086499,0.64,0.844827586206897,0.714285714285714,0.86986301369863,"JobInvolvement,JobRole,JobSatisfaction,MonthlyIncome_L,OverTime,StockOptionLevel,WorkLifeBalance,YearsWithCurrManager",4,TRUE,5,1234
"126","rose",0.52,0.753418773510629,0.729848484848485,0.757749853886616,0.67,0.885057471264368,0.75,0.910958904109589,"JobInvolvement,JobRole,JobSatisfaction,MonthlyIncome_L,OverTime,StockOptionLevel,WorkLifeBalance,YearsWithCurrManager",4.5,TRUE,3.5,1234
"127","up",0.62,0.825819438369347,0.58469696969697,0.871940385739334,0.73,0.902298850574713,0.714285714285714,0.938356164383562,"JobInvolvement,JobRole,OverTime,StockOptionLevel,WorkLifeBalance",4.5,TRUE,5,1234
"128","down",0.56,0.777077246085207,0.677272727272727,0.79624780829924,0.72,0.867816091954023,0.714285714285714,0.897260273972603,"JobInvolvement,JobRole,OverTime,StockOptionLevel,WorkLifeBalance",1,TRUE,3,1234
"129","rose",0.61,0.811156562563788,0.617272727272727,0.848287551139685,0.68,0.902298850574713,0.714285714285714,0.938356164383562,"JobInvolvement,JobRole,OverTime,StockOptionLevel,WorkLifeBalance",0.5,TRUE,4,1234
"130","up",0.42,0.677831510803954,0.828787878787879,0.648924605493863,0.49,0.810344827586207,0.857142857142857,0.801369863013699,"Age,Gender,JobInvolvement,JobRole,OverTime,StockOptionLevel",5,TRUE,2,1234
"131","down",0.49,0.709490041699472,0.771060606060606,0.697574517825833,0.51,0.793103448275862,0.821428571428571,0.787671232876712,"Age,Gender,JobInvolvement,JobRole,OverTime,StockOptionLevel",1,FALSE,5,1234
"132","rose",0.48,0.721521651649025,0.744696969696969,0.717142022209234,0.56,0.810344827586207,0.821428571428571,0.808219178082192,"Age,Gender,JobInvolvement,JobRole,OverTime,StockOptionLevel",3.5,TRUE,2,1234
"133","up",0.5,0.746361764791649,0.771515151515151,0.741472822910578,0.57,0.810344827586207,0.785714285714286,0.815068493150685,"JobInvolvement,JobLevel,JobSatisfaction,OverTime,StockOptionLevel,WorkLifeBalance,YearsWithCurrManager",4,TRUE,1.5,1234
"134","down",0.51,0.729184381652233,0.762121212121212,0.722834599649328,0.71,0.873563218390805,0.75,0.897260273972603,"JobInvolvement,JobLevel,JobSatisfaction,OverTime,StockOptionLevel,WorkLifeBalance,YearsWithCurrManager",2,TRUE,1,1234
"135","rose",0.49,0.728932085265215,0.747575757575757,0.72531268264173,0.56,0.839080459770115,0.785714285714286,0.849315068493151,"JobInvolvement,JobLevel,JobSatisfaction,OverTime,StockOptionLevel,WorkLifeBalance,YearsWithCurrManager",1.5,TRUE,2,1234
"136","up",0.49,0.732403639226665,0.726818181818182,0.733506721215664,0.61,0.833333333333333,0.678571428571429,0.863013698630137,"Gender,JobInvolvement,JobRole,JobSatisfaction,MaritalStatus,OverTime",2,FALSE,3,1234
"137","down",0.59,0.79366377978013,0.635,0.824324956165985,0.59,0.793103448275862,0.785714285714286,0.794520547945205,"Gender,JobInvolvement,JobRole,JobSatisfaction,MaritalStatus,OverTime",1,FALSE,4,1234
"138","rose",0.47,0.704465051176625,0.73560606060606,0.698474576271187,0.49,0.741379310344828,0.821428571428571,0.726027397260274,"Gender,JobInvolvement,JobRole,JobSatisfaction,MaritalStatus,OverTime",1.5,TRUE,1,1234
"139","up",0.54,0.751042020237366,0.713787878787879,0.758147282291058,0.58,0.82183908045977,0.785714285714286,0.828767123287671,"Department,Gender,JobInvolvement,JobRole,JobSatisfaction,MonthlyIncome_L,OverTime,StockOptionLevel",2.5,TRUE,2.5,1234
"140","down",0.48,0.69643262473391,0.797424242424242,0.676884862653419,0.69,0.908045977011494,0.714285714285714,0.945205479452055,"Department,Gender,JobInvolvement,JobRole,JobSatisfaction,MonthlyIncome_L,OverTime,StockOptionLevel",3.5,TRUE,1,1234
"141","rose",0.49,0.709376549149972,0.764393939393939,0.698889538281707,0.65,0.885057471264368,0.75,0.910958904109589,"Department,Gender,JobInvolvement,JobRole,JobSatisfaction,MonthlyIncome_L,OverTime,StockOptionLevel",2.5,FALSE,1,1234
"142","up",0.51,0.739106756480914,0.726363636363636,0.741507890122735,0.62,0.867816091954023,0.75,0.89041095890411,"JobInvolvement,JobRole,JobSatisfaction,MonthlyIncome_L,OverTime,StockOptionLevel,WorkLifeBalance",4.5,TRUE,4.5,1234
"143","down",0.52,0.745376957396553,0.756515151515151,0.743495032144945,0.57,0.810344827586207,0.785714285714286,0.815068493150685,"JobInvolvement,JobRole,JobSatisfaction,MonthlyIncome_L,OverTime,StockOptionLevel,WorkLifeBalance",3,TRUE,2.5,1234
"144","rose",0.52,0.751981978829499,0.721060606060606,0.757936879018118,0.68,0.885057471264368,0.678571428571429,0.924657534246575,"JobInvolvement,JobRole,JobSatisfaction,MonthlyIncome_L,OverTime,StockOptionLevel,WorkLifeBalance",1.5,TRUE,1.5,1234
"145","up",0.54,0.7659299565509,0.722272727272727,0.774395090590298,0.59,0.862068965517241,0.75,0.883561643835616,"JobInvolvement,JobRole,MonthlyIncome_L,OverTime,StockOptionLevel,WorkLifeBalance",3.5,TRUE,4,1234
"146","down",0.59,0.784159566092205,0.649090909090909,0.810298071303331,0.56,0.833333333333333,0.75,0.849315068493151,"JobInvolvement,JobRole,MonthlyIncome_L,OverTime,StockOptionLevel,WorkLifeBalance",1.5,TRUE,4.5,1234
"147","rose",0.47,0.713750386376228,0.801363636363636,0.696925774400935,0.64,0.873563218390805,0.75,0.897260273972603,"JobInvolvement,JobRole,MonthlyIncome_L,OverTime,StockOptionLevel,WorkLifeBalance",2,TRUE,1.5,1234
"148","up",0.5,0.721175633511212,0.726060606060606,0.720490940970193,0.69,0.896551724137931,0.678571428571429,0.938356164383562,"Gender,JobInvolvement,JobRole,JobSatisfaction,MaritalStatus,MonthlyIncome_L,OverTime,WorkLifeBalance",0.5,TRUE,4.5,1234
"149","down",0.59,0.776180736593474,0.639848484848485,0.802051431911163,0.53,0.770114942528736,0.821428571428571,0.76027397260274,"Gender,JobInvolvement,JobRole,JobSatisfaction,MaritalStatus,MonthlyIncome_L,OverTime,WorkLifeBalance",0,TRUE,4.5,1234
"150","rose",0.54,0.76003475928032,0.67560606060606,0.776317942723553,0.48,0.775862068965517,0.857142857142857,0.76027397260274,"Gender,JobInvolvement,JobRole,JobSatisfaction,MaritalStatus,MonthlyIncome_L,OverTime,WorkLifeBalance",2,TRUE,2,1234
"151","up",0.4,0.667845216224886,0.814242424242424,0.639713617767387,0.71,0.879310344827586,0.714285714285714,0.910958904109589,"JobInvolvement,JobRole,JobSatisfaction,MaritalStatus,OverTime,StockOptionLevel,WorkLifeBalance",2.5,FALSE,5,1234
"152","down",0.5,0.708387367684367,0.762424242424242,0.697995324371712,0.82,0.890804597701149,0.571428571428571,0.952054794520548,"JobInvolvement,JobRole,JobSatisfaction,MaritalStatus,OverTime,StockOptionLevel,WorkLifeBalance",0,FALSE,1.5,1234
"153","rose",0.58,0.757489691773831,0.671969696969697,0.774032729398013,0.71,0.867816091954023,0.642857142857143,0.910958904109589,"JobInvolvement,JobRole,JobSatisfaction,MaritalStatus,OverTime,StockOptionLevel,WorkLifeBalance",1.5,FALSE,4.5,1234
"154","up",0.58,0.804,0.707121212121212,0.822571595558154,0.68,0.890804597701149,0.785714285714286,0.910958904109589,"Department,JobInvolvement,JobLevel,OverTime,StockOptionLevel,WorkLifeBalance,YearsWithCurrManager",5,TRUE,1,1234
"155","down",0.58,0.788281748461785,0.718484848484848,0.801782583284629,0.64,0.850574712643678,0.785714285714286,0.863013698630137,"Department,JobInvolvement,JobLevel,OverTime,StockOptionLevel,WorkLifeBalance,YearsWithCurrManager",3.5,TRUE,1,1234
"156","rose",0.54,0.768658968302569,0.727272727272727,0.776709526592636,0.53,0.804597701149425,0.821428571428571,0.801369863013699,"Department,JobInvolvement,JobLevel,OverTime,StockOptionLevel,WorkLifeBalance,YearsWithCurrManager",5,TRUE,2.5,1234
"157","up",0.59,0.768362872889511,0.641818181818182,0.792758620689655,0.6,0.82183908045977,0.821428571428571,0.821917808219178,"Department,JobInvolvement,JobLevel,JobRole,OverTime,WorkLifeBalance",3.5,TRUE,1,1234
"158","down",0.55,0.739748345143324,0.665909090909091,0.753869082407948,0.54,0.816091954022989,0.821428571428571,0.815068493150685,"Department,JobInvolvement,JobLevel,JobRole,OverTime,WorkLifeBalance",3.5,FALSE,1,1234
"159","rose",0.56,0.745165718951389,0.617121212121212,0.769544126241964,0.7,0.896551724137931,0.75,0.924657534246575,"Department,JobInvolvement,JobLevel,JobRole,OverTime,WorkLifeBalance",4.5,FALSE,2,1234
"160","up",0.35,0.635146822966786,0.840909090909091,0.595616598480421,0.65,0.844827586206897,0.75,0.863013698630137,"Gender,JobInvolvement,JobRole,JobSatisfaction,MaritalStatus,OverTime,StockOptionLevel,WorkLifeBalance",2.5,TRUE,4.5,1234
"161","down",0.63,0.781028898025836,0.642121212121212,0.807872589129164,0.56,0.85632183908046,0.785714285714286,0.86986301369863,"Gender,JobInvolvement,JobRole,JobSatisfaction,MaritalStatus,OverTime,StockOptionLevel,WorkLifeBalance",0.5,TRUE,1,1234
"162","rose",0.42,0.673380923220482,0.784090909090909,0.652209234365868,0.68,0.867816091954023,0.714285714285714,0.897260273972603,"Gender,JobInvolvement,JobRole,JobSatisfaction,MaritalStatus,OverTime,StockOptionLevel,WorkLifeBalance",1,FALSE,4.5,1234
"163","up",0.58,0.768991047735689,0.707727272727272,0.780824079485681,0.5,0.764367816091954,0.821428571428571,0.753424657534247,"JobInvolvement,JobLevel,JobRole,JobSatisfaction,MaritalStatus,OverTime,StockOptionLevel,WorkLifeBalance",5,TRUE,4.5,1234
"164","down",0.52,0.728183944245181,0.783181818181818,0.717843366452367,0.61,0.82183908045977,0.75,0.835616438356164,"JobInvolvement,JobLevel,JobRole,JobSatisfaction,MaritalStatus,OverTime,StockOptionLevel,WorkLifeBalance",1.5,FALSE,3.5,1234
"165","rose",0.57,0.759101740880063,0.713333333333333,0.768030391583869,0.59,0.827586206896552,0.821428571428571,0.828767123287671,"JobInvolvement,JobLevel,JobRole,JobSatisfaction,MaritalStatus,OverTime,StockOptionLevel,WorkLifeBalance",3.5,TRUE,4,1234
"166","up",0.6,0.80900416994722,0.674848484848485,0.834710695499708,0.69,0.885057471264368,0.714285714285714,0.917808219178082,"Gender,JobInvolvement,JobRole,OverTime,StockOptionLevel,YearsWithCurrManager",2.5,TRUE,1,1234
"167","down",0.6,0.792882512466101,0.683181818181818,0.814102863822326,0.57,0.82183908045977,0.785714285714286,0.828767123287671,"Gender,JobInvolvement,JobRole,OverTime,StockOptionLevel,YearsWithCurrManager",1,TRUE,1,1234
"168","rose",0.58,0.776038083573907,0.693333333333333,0.791911163062537,0.62,0.862068965517241,0.714285714285714,0.89041095890411,"Gender,JobInvolvement,JobRole,OverTime,StockOptionLevel,YearsWithCurrManager",2.5,TRUE,3.5,1234
"169","up",0.47,0.706311433820313,0.769696969696969,0.694149620105202,0.57,0.816091954022989,0.821428571428571,0.815068493150685,"Department,JobLevel,JobSatisfaction,MonthlyIncome_L,OverTime,StockOptionLevel,WorkLifeBalance,YearsWithCurrManager",5,TRUE,4,1234
"170","down",0.49,0.704755897705071,0.784090909090909,0.68958503798948,0.67,0.85632183908046,0.821428571428571,0.863013698630137,"Department,JobLevel,JobSatisfaction,MonthlyIncome_L,OverTime,StockOptionLevel,WorkLifeBalance,YearsWithCurrManager",2,TRUE,5,1234
"171","rose",0.52,0.740013763741871,0.701666666666667,0.747282291057861,0.49,0.798850574712644,0.821428571428571,0.794520547945205,"Department,JobLevel,JobSatisfaction,MonthlyIncome_L,OverTime,StockOptionLevel,WorkLifeBalance,YearsWithCurrManager",1.5,TRUE,4.5,1234
"172","up",0.53,0.753453007902487,0.731515151515151,0.757866744593805,0.62,0.862068965517241,0.821428571428571,0.86986301369863,"JobInvolvement,JobLevel,JobSatisfaction,MonthlyIncome_L,OverTime,StockOptionLevel,WorkLifeBalance,YearsWithCurrManager",4,TRUE,4,1234
"173","down",0.52,0.727106581518094,0.763939393939393,0.720075978959672,0.57,0.839080459770115,0.785714285714286,0.849315068493151,"JobInvolvement,JobLevel,JobSatisfaction,MonthlyIncome_L,OverTime,StockOptionLevel,WorkLifeBalance,YearsWithCurrManager",4.5,TRUE,5,1234
"174","rose",0.51,0.741426413553786,0.741969696969697,0.741186440677966,0.52,0.78735632183908,0.821428571428571,0.780821917808219,"JobInvolvement,JobLevel,JobSatisfaction,MonthlyIncome_L,OverTime,StockOptionLevel,WorkLifeBalance,YearsWithCurrManager",4,TRUE,4,1234
"175","up",0.58,0.799402268684571,0.655151515151515,0.827048509643483,0.7,0.885057471264368,0.607142857142857,0.938356164383562,"Age,Department,JobInvolvement,JobLevel,MaritalStatus,OverTime,WorkLifeBalance,YearsWithCurrManager",4.5,TRUE,4,1234
"176","down",0.56,0.773338057329484,0.696515151515151,0.788007013442431,0.71,0.896551724137931,0.607142857142857,0.952054794520548,"Age,Department,JobInvolvement,JobLevel,MaritalStatus,OverTime,WorkLifeBalance,YearsWithCurrManager",2,TRUE,3.5,1234
"177","rose",0.57,0.799160994955239,0.63560606060606,0.830438340151958,0.54,0.827586206896552,0.678571428571429,0.856164383561644,"Age,Department,JobInvolvement,JobLevel,MaritalStatus,OverTime,WorkLifeBalance,YearsWithCurrManager",3.5,TRUE,4,1234
"178","up",0.53,0.735308488612836,0.662272727272727,0.74926358854471,0.58,0.850574712643678,0.857142857142857,0.849315068493151,"Department,Gender,JobInvolvement,JobRole,JobSatisfaction,MonthlyIncome_L,OverTime,WorkLifeBalance",1.5,TRUE,2,1234
"179","down",0.52,0.723863354037267,0.687424242424242,0.730812390414962,0.58,0.816091954022989,0.785714285714286,0.821917808219178,"Department,Gender,JobInvolvement,JobRole,JobSatisfaction,MonthlyIncome_L,OverTime,WorkLifeBalance",4.5,TRUE,1.5,1234
"180","rose",0.53,0.724099145598227,0.682121212121212,0.732150789012274,0.56,0.810344827586207,0.857142857142857,0.801369863013699,"Department,Gender,JobInvolvement,JobRole,JobSatisfaction,MonthlyIncome_L,OverTime,WorkLifeBalance",0,FALSE,4,1234
"181","up",0.46,0.721504855218266,0.776363636363636,0.710905902980713,0.7,0.902298850574713,0.75,0.931506849315068,"Department,JobInvolvement,JobLevel,JobSatisfaction,MonthlyIncome_L,OverTime,StockOptionLevel",4.5,TRUE,4,1234
"182","down",0.5,0.734095238095238,0.75560606060606,0.730046756282876,0.59,0.885057471264368,0.75,0.910958904109589,"Department,JobInvolvement,JobLevel,JobSatisfaction,MonthlyIncome_L,OverTime,StockOptionLevel",2,TRUE,3,1234
"183","rose",0.43,0.693984369988045,0.811818181818181,0.671578024547048,0.55,0.839080459770115,0.821428571428571,0.842465753424658,"Department,JobInvolvement,JobLevel,JobSatisfaction,MonthlyIncome_L,OverTime,StockOptionLevel",5,TRUE,4,1234
"184","up",0.57,0.779319977838043,0.682575757575757,0.797627118644067,0.56,0.850574712643678,0.785714285714286,0.863013698630137,"JobInvolvement,JobRole,MonthlyIncome_L,OverTime,StockOptionLevel",3.5,TRUE,3.5,1234
"185","down",0.62,0.812636048173096,0.621363636363636,0.849292811221507,0.55,0.764367816091954,0.785714285714286,0.76027397260274,"JobInvolvement,JobRole,MonthlyIncome_L,OverTime,StockOptionLevel",1.5,TRUE,3.5,1234
"186","rose",0.52,0.731077362727087,0.727727272727273,0.731642314436002,0.54,0.78735632183908,0.785714285714286,0.787671232876712,"JobInvolvement,JobRole,MonthlyIncome_L,OverTime,StockOptionLevel",1,TRUE,3,1234
"187","up",0.61,0.807143673636019,0.665454545454545,0.834178842781999,0.53,0.82183908045977,0.821428571428571,0.821917808219178,"Department,Gender,JobInvolvement,JobLevel,JobSatisfaction,OverTime,StockOptionLevel,YearsWithCurrManager",4.5,TRUE,1.5,1234
"188","down",0.56,0.76286898200799,0.716666666666667,0.771572180011689,0.64,0.85632183908046,0.714285714285714,0.883561643835616,"Department,Gender,JobInvolvement,JobLevel,JobSatisfaction,OverTime,StockOptionLevel,YearsWithCurrManager",2.5,TRUE,1.5,1234
"189","rose",0.48,0.709316478581635,0.76030303030303,0.699444769140853,0.59,0.850574712643678,0.821428571428571,0.856164383561644,"Department,Gender,JobInvolvement,JobLevel,JobSatisfaction,OverTime,StockOptionLevel,YearsWithCurrManager",4.5,TRUE,3,1234
"190","up",0.53,0.768184235849882,0.729090909090909,0.775797779076564,0.75,0.919540229885057,0.678571428571429,0.965753424657534,"Department,JobInvolvement,JobLevel,JobSatisfaction,OverTime,StockOptionLevel,YearsWithCurrManager",4,TRUE,1,1234
"191","down",0.5,0.72193876301286,0.765,0.713728813559322,0.56,0.833333333333333,0.821428571428571,0.835616438356164,"Department,JobInvolvement,JobLevel,JobSatisfaction,OverTime,StockOptionLevel,YearsWithCurrManager",4.5,TRUE,1.5,1234
"192","rose",0.59,0.78517464205523,0.652878787878788,0.810455873758036,0.6,0.879310344827586,0.785714285714286,0.897260273972603,"Department,JobInvolvement,JobLevel,JobSatisfaction,OverTime,StockOptionLevel,YearsWithCurrManager",4,TRUE,1.5,1234
"193","up",0.55,0.737948269326101,0.722424242424242,0.740713033313852,0.71,0.896551724137931,0.678571428571429,0.938356164383562,"Gender,JobInvolvement,JobRole,JobSatisfaction,MonthlyIncome_L,OverTime,StockOptionLevel,YearsWithCurrManager",5,TRUE,5,1234
"194","down",0.61,0.777200244947949,0.661212121212121,0.799631794272355,0.64,0.879310344827586,0.678571428571429,0.917808219178082,"Gender,JobInvolvement,JobRole,JobSatisfaction,MonthlyIncome_L,OverTime,StockOptionLevel,YearsWithCurrManager",2,TRUE,4,1234
"195","rose",0.52,0.74134960487563,0.725151515151515,0.744453535943893,0.67,0.908045977011494,0.642857142857143,0.958904109589041,"Gender,JobInvolvement,JobRole,JobSatisfaction,MonthlyIncome_L,OverTime,StockOptionLevel,YearsWithCurrManager",4.5,TRUE,4,1234
"196","up",0.52,0.765855130784708,0.762121212121212,0.766487434248977,0.64,0.867816091954023,0.785714285714286,0.883561643835616,"JobInvolvement,JobRole,OverTime,StockOptionLevel,WorkLifeBalance,YearsWithCurrManager",3,TRUE,1.5,1234
"197","down",0.53,0.748574694544076,0.760757575757575,0.74624780829924,0.56,0.850574712643678,0.75,0.86986301369863,"JobInvolvement,JobRole,OverTime,StockOptionLevel,WorkLifeBalance,YearsWithCurrManager",1,TRUE,1.5,1234
"198","rose",0.5,0.742219520018663,0.753787878787879,0.740087668030391,0.51,0.850574712643678,0.785714285714286,0.863013698630137,"JobInvolvement,JobRole,OverTime,StockOptionLevel,WorkLifeBalance,YearsWithCurrManager",3,TRUE,2.5,1234
"199","up",0.52,0.754390225410434,0.751363636363636,0.754763296317942,0.5,0.78735632183908,0.857142857142857,0.773972602739726,"Gender,JobInvolvement,JobLevel,JobSatisfaction,OverTime,StockOptionLevel,WorkLifeBalance,YearsWithCurrManager",4.5,TRUE,1,1234
"200","down",0.52,0.739361910593999,0.760909090909091,0.735300993571011,0.64,0.85632183908046,0.714285714285714,0.883561643835616,"Gender,JobInvolvement,JobLevel,JobSatisfaction,OverTime,StockOptionLevel,WorkLifeBalance,YearsWithCurrManager",4.5,TRUE,1.5,1234
"201","rose",0.46,0.715666170938675,0.765151515151515,0.706376388077148,0.57,0.781609195402299,0.821428571428571,0.773972602739726,"Gender,JobInvolvement,JobLevel,JobSatisfaction,OverTime,StockOptionLevel,WorkLifeBalance,YearsWithCurrManager",3,TRUE,1,1234
"202","up",0.55,0.788561514011606,0.746969696969697,0.796697837521917,0.68,0.890804597701149,0.75,0.917808219178082,"Department,Gender,JobInvolvement,JobLevel,OverTime,StockOptionLevel,WorkLifeBalance,YearsWithCurrManager",4.5,TRUE,1.5,1234
"203","down",0.55,0.767264747907736,0.766212121212121,0.767469316189363,0.73,0.885057471264368,0.75,0.910958904109589,"Department,Gender,JobInvolvement,JobLevel,OverTime,StockOptionLevel,WorkLifeBalance,YearsWithCurrManager",1,TRUE,1,1234
"204","rose",0.55,0.77478593298924,0.740454545454545,0.781157218001169,0.58,0.850574712643678,0.785714285714286,0.863013698630137,"Department,Gender,JobInvolvement,JobLevel,OverTime,StockOptionLevel,WorkLifeBalance,YearsWithCurrManager",4.5,TRUE,1.5,1234
"205","up",0.56,0.788764004315749,0.722272727272727,0.801309175920514,0.65,0.879310344827586,0.785714285714286,0.897260273972603,"Gender,JobInvolvement,JobRole,OverTime,StockOptionLevel,WorkLifeBalance,YearsWithCurrManager",4,TRUE,1,1234
"206","down",0.54,0.750454728370221,0.726818181818181,0.755061367621274,0.62,0.862068965517241,0.75,0.883561643835616,"Gender,JobInvolvement,JobRole,OverTime,StockOptionLevel,WorkLifeBalance,YearsWithCurrManager",2,TRUE,4,1234
"207","rose",0.53,0.756488146268918,0.742727272727272,0.759152542372882,0.65,0.873563218390805,0.75,0.897260273972603,"Gender,JobInvolvement,JobRole,OverTime,StockOptionLevel,WorkLifeBalance,YearsWithCurrManager",2,TRUE,1.5,1234
"208","up",0.56,0.761275362318841,0.734848484848485,0.766428988895383,0.69,0.885057471264368,0.714285714285714,0.917808219178082,"Department,JobLevel,JobRole,JobSatisfaction,OverTime,StockOptionLevel,WorkLifeBalance,YearsWithCurrManager",4,TRUE,1,1234
"209","down",0.54,0.726817776222552,0.739393939393939,0.724319111630626,0.69,0.862068965517241,0.75,0.883561643835616,"Department,JobLevel,JobRole,JobSatisfaction,OverTime,StockOptionLevel,WorkLifeBalance,YearsWithCurrManager",2.5,TRUE,2,1234
"210","rose",0.49,0.722331087977138,0.736666666666666,0.719468147282291,0.71,0.896551724137931,0.607142857142857,0.952054794520548,"Department,JobLevel,JobRole,JobSatisfaction,OverTime,StockOptionLevel,WorkLifeBalance,YearsWithCurrManager",0.5,TRUE,1,1234
"211","up",0.56,0.768279124019479,0.727727272727273,0.77624780829924,0.64,0.879310344827586,0.785714285714286,0.897260273972603,"Gender,JobInvolvement,JobRole,MonthlyIncome_L,OverTime,StockOptionLevel,WorkLifeBalance,YearsWithCurrManager",4.5,TRUE,5,1234
"212","down",0.53,0.737221182165457,0.76560606060606,0.731753360607832,0.62,0.867816091954023,0.785714285714286,0.883561643835616,"Gender,JobInvolvement,JobRole,MonthlyIncome_L,OverTime,StockOptionLevel,WorkLifeBalance,YearsWithCurrManager",2.5,TRUE,3,1234
"213","rose",0.58,0.783030122765579,0.68530303030303,0.801706604324956,0.57,0.873563218390805,0.75,0.897260273972603,"Gender,JobInvolvement,JobRole,MonthlyIncome_L,OverTime,StockOptionLevel,WorkLifeBalance,YearsWithCurrManager",3.5,TRUE,3,1234
"214","up",0.58,0.779912401947919,0.697272727272727,0.795897136177674,0.71,0.902298850574713,0.678571428571429,0.945205479452055,"JobInvolvement,JobRole,MonthlyIncome_L,OverTime,StockOptionLevel,WorkLifeBalance,YearsWithCurrManager",5,TRUE,3.5,1234
"215","down",0.57,0.762478115067215,0.718030303030303,0.771186440677966,0.73,0.896551724137931,0.678571428571429,0.938356164383562,"JobInvolvement,JobRole,MonthlyIncome_L,OverTime,StockOptionLevel,WorkLifeBalance,YearsWithCurrManager",4,TRUE,4.5,1234
"216","rose",0.56,0.778460793747995,0.706363636363636,0.792150789012273,0.65,0.873563218390805,0.714285714285714,0.904109589041096,"JobInvolvement,JobRole,MonthlyIncome_L,OverTime,StockOptionLevel,WorkLifeBalance,YearsWithCurrManager",5,TRUE,4,1234
"217","up",0.55,0.75006992680722,0.734242424242424,0.753156049094097,0.69,0.879310344827586,0.678571428571429,0.917808219178082,"JobInvolvement,JobRole,MonthlyIncome_L,OverTime,StockOptionLevel,YearsWithCurrManager",4.5,TRUE,5,1234
"218","down",0.61,0.792553465721867,0.658181818181818,0.818427819988311,0.76,0.890804597701149,0.642857142857143,0.938356164383562,"JobInvolvement,JobRole,MonthlyIncome_L,OverTime,StockOptionLevel,YearsWithCurrManager",3,TRUE,4,1234
"219","rose",0.59,0.789718484821975,0.663030303030303,0.813991817650497,0.57,0.867816091954023,0.678571428571429,0.904109589041096,"JobInvolvement,JobRole,MonthlyIncome_L,OverTime,StockOptionLevel,YearsWithCurrManager",1,TRUE,5,1234
"220","up",0.55,0.776173913043478,0.723939393939394,0.785920514319112,0.61,0.839080459770115,0.785714285714286,0.849315068493151,"JobInvolvement,JobLevel,OverTime,StockOptionLevel,WorkLifeBalance,YearsWithCurrManager",3.5,TRUE,1,1234
"221","down",0.53,0.754749715685417,0.72969696969697,0.759520748100526,0.61,0.827586206896552,0.714285714285714,0.849315068493151,"JobInvolvement,JobLevel,OverTime,StockOptionLevel,WorkLifeBalance,YearsWithCurrManager",4,TRUE,1,1234
"222","rose",0.57,0.770357798967719,0.710909090909091,0.781829339567504,0.62,0.844827586206897,0.821428571428571,0.849315068493151,"JobInvolvement,JobLevel,OverTime,StockOptionLevel,WorkLifeBalance,YearsWithCurrManager",3,TRUE,4,1234
"223","up",0.46,0.72283853847724,0.773333333333333,0.713132670952659,0.65,0.885057471264368,0.714285714285714,0.917808219178082,"Age,JobInvolvement,JobRole,MaritalStatus,OverTime,WorkLifeBalance,YearsWithCurrManager",1,TRUE,1.5,1234
"224","down",0.56,0.763262706674832,0.684848484848485,0.778088836937463,0.72,0.885057471264368,0.678571428571429,0.924657534246575,"Age,JobInvolvement,JobRole,MaritalStatus,OverTime,WorkLifeBalance,YearsWithCurrManager",0.5,TRUE,1.5,1234
"225","rose",0.61,0.81610019537515,0.619090909090909,0.853834015195792,0.55,0.839080459770115,0.785714285714286,0.849315068493151,"Age,JobInvolvement,JobRole,MaritalStatus,OverTime,WorkLifeBalance,YearsWithCurrManager",5,TRUE,2,1234
"226","up",0.53,0.758696060420494,0.716515151515151,0.766884862653419,0.69,0.867816091954023,0.75,0.89041095890411,"JobRole,JobSatisfaction,OverTime,StockOptionLevel,WorkLifeBalance,YearsWithCurrManager",0.5,TRUE,1,1234
"227","down",0.61,0.78572023445018,0.658181818181818,0.810268848626534,0.55,0.775862068965517,0.714285714285714,0.787671232876712,"JobRole,JobSatisfaction,OverTime,StockOptionLevel,WorkLifeBalance,YearsWithCurrManager",1.5,TRUE,1,1234
"228","rose",0.49,0.719923074679964,0.756363636363636,0.712752776154296,0.63,0.839080459770115,0.785714285714286,0.849315068493151,"JobRole,JobSatisfaction,OverTime,StockOptionLevel,WorkLifeBalance,YearsWithCurrManager",3,TRUE,2.5,1234
"229","up",0.53,0.755429037996093,0.746818181818182,0.75687901811806,0.66,0.890804597701149,0.75,0.917808219178082,"Department,JobInvolvement,JobLevel,MonthlyIncome_L,OverTime,StockOptionLevel,WorkLifeBalance,YearsWithCurrManager",5,TRUE,4.5,1234
"230","down",0.55,0.756280698684863,0.757121212121212,0.756224430157803,0.62,0.85632183908046,0.714285714285714,0.883561643835616,"Department,JobInvolvement,JobLevel,MonthlyIncome_L,OverTime,StockOptionLevel,WorkLifeBalance,YearsWithCurrManager",3,TRUE,5,1234
"231","rose",0.55,0.767426705158487,0.739090909090909,0.772805376972531,0.63,0.839080459770115,0.714285714285714,0.863013698630137,"Department,JobInvolvement,JobLevel,MonthlyIncome_L,OverTime,StockOptionLevel,WorkLifeBalance,YearsWithCurrManager",0.5,TRUE,4,1234
"232","up",0.48,0.726739159595253,0.77530303030303,0.717387492694331,0.6,0.85632183908046,0.785714285714286,0.86986301369863,"Department,JobInvolvement,JobRole,JobSatisfaction,MonthlyIncome_L,OverTime,StockOptionLevel,YearsWithCurrManager",3.5,TRUE,1,1234
"233","down",0.47,0.683460006415303,0.806212121212121,0.65979544126242,0.62,0.833333333333333,0.75,0.849315068493151,"Department,JobInvolvement,JobRole,JobSatisfaction,MonthlyIncome_L,OverTime,StockOptionLevel,YearsWithCurrManager",3.5,TRUE,3,1234
"234","rose",0.55,0.763415507537982,0.694242424242424,0.77666277030976,0.34,0.672413793103448,0.964285714285714,0.616438356164384,"Department,JobInvolvement,JobRole,JobSatisfaction,MonthlyIncome_L,OverTime,StockOptionLevel,YearsWithCurrManager",2.5,TRUE,1,1234
